e_nric,firstname,lastname,password,admintype
S7599799Z,Raymond,Young,password,G
S7599799Z,Raymond,Young,password,G
S7599799Z,Raymond,Young,password,G
S7599799Z,Raymond,Young,password,G
S7599799Z,Raymond,Young,password,G
S7599799Z,Raymond,Young,password,G
S7599799Z,Raymond,Young,password,G
S7599799Z,Raymond,Young,password,G
S7599799Z,Raymond,Young,password,G
S7599799Z,Raymond,Young,password,G
S7599799Z,Raymond,Young,password,G
S7599799Z,Raymond,Young,password,G
S7599799Z,Raymond,Young,password,G
S7599799Z,Raymond,Young,password,G
S7599799Z,Raymond,Young,password,G
S7599799Z,Raymond,Young,password,G
S7599799Z,Raymond,Young,password,G
S7599799Z,Raymond,Young,password,G
S7599799Z,Raymond,Young,password,G
S7599799Z,Raymond,Young,password,G
S7599799Z,Raymond,Young,password,G
S7599799Z,Raymond,Young,password,G
S7599799Z,Raymond,Young,password,G
S7599799Z,Raymond,Young,password,G
S7599799Z,Raymond,Young,password,G
S7599799Z,Raymond,Young,password,G
S7599799Z,Raymond,Young,password,G
S7599799Z,Raymond,Young,password,G
S7599799Z,Raymond,Young,password,G
S7599799Z,Raymond,Young,password,G
S7599799Z,Raymond,Young,password,G
S7599799Z,Raymond,Young,password,G
S7599799Z,Raymond,Young,password,G
S7599799Z,Raymond,Young,password,G
S7599799Z,Raymond,Young,password,G
S7599799Z,Raymond,Young,password,G
S7599799Z,Raymond,Young,password,G
S7599799Z,Raymond,Young,password,G
S7599799Z,Raymond,Young,password,G
S7599799Z,Raymond,Young,password,G
S7599799Z,Raymond,Young,password,G
S7599799Z,Raymond,Young,password,G
S7599799Z,Raymond,Young,password,G
S7599799Z,Raymond,Young,password,G
S7599799Z,Raymond,Young,password,G
S7599799Z,Raymond,Young,password,G
S7599799Z,Raymond,Young,password,G
S7599799Z,Raymond,Young,password,G
S7599799Z,Raymond,Young,password,G
S7599799Z,Raymond,Young,password,G
S7599799Z,Raymond,Young,password,G
S7599799Z,Raymond,Young,password,G
S7599799Z,Raymond,Young,password,G
S7599799Z,Raymond,Young,password,G
S7599799Z,Raymond,Young,password,G
S7599799Z,Raymond,Young,password,G
S7599799Z,Raymond,Young,password,G
S7599799Z,Raymond,Young,password,G
S7599799Z,Raymond,Young,password,G
S7599799Z,Raymond,Young,password,G
S7599799Z,Raymond,Young,password,G
S7599799Z,Raymond,Young,password,G
S7599799Z,Raymond,Young,password,G
S7599799Z,Raymond,Young,password,G
S7599799Z,Raymond,Young,password,G
S7599799Z,Raymond,Young,password,G
S7599799Z,Raymond,Young,password,G
S7599799Z,Raymond,Young,password,G
S7599799Z,Raymond,Young,password,G
S7599799Z,Raymond,Young,password,G
S7599799Z,Raymond,Young,password,G
S7599799Z,Raymond,Young,password,G
S7599799Z,Raymond,Young,password,G
S7599799Z,Raymond,Young,password,G
S7599799Z,Raymond,Young,password,G
S7599799Z,Raymond,Young,password,G
S7599799Z,Raymond,Young,password,G
S7599799Z,Raymond,Young,password,G
S7599799Z,Raymond,Young,password,G
S7599799Z,Raymond,Young,password,G
S7599799Z,Raymond,Young,password,G
S7599799Z,Raymond,Young,password,G
S7599799Z,Raymond,Young,password,G
S7599799Z,Raymond,Young,password,G
S7599799Z,Raymond,Young,password,G
S7599799Z,Raymond,Young,password,G
S7599799Z,Raymond,Young,password,G
S7599799Z,Raymond,Young,password,G
S7599799Z,Raymond,Young,password,G
S7599799Z,Raymond,Young,password,G
S7599799Z,Raymond,Young,password,G
S7599799Z,Raymond,Young,password,G
S7599799Z,Raymond,Young,password,G
S7599799Z,Raymond,Young,password,G
S7599799Z,Raymond,Young,password,G
S7599799Z,Raymond,Young,password,G
S7599799Z,Raymond,Young,password,G
S7599799Z,Raymond,Young,password,G
S7599799Z,Raymond,Young,password,G
S7599799Z,Raymond,Young,password,G
S7599799Z,Raymond,Young,password,G
S7599799Z,Raymond,Young,password,G
S7599799Z,Raymond,Young,password,G
S7599799Z,Raymond,Young,password,G
S7599799Z,Raymond,Young,password,G
S7599799Z,Raymond,Young,password,G
S7599799Z,Raymond,Young,password,G
S7599799Z,Raymond,Young,password,G
S7599799Z,Raymond,Young,password,G
S7599799Z,Raymond,Young,password,G
S7599799Z,Raymond,Young,password,G
S7599799Z,Raymond,Young,password,G
S7599799Z,Raymond,Young,password,G
S7599799Z,Raymond,Young,password,G
S7599799Z,Raymond,Young,password,G
S7599799Z,Raymond,Young,password,G
S7599799Z,Raymond,Young,password,G
S7599799Z,Raymond,Young,password,G
S7599799Z,Raymond,Young,password,G
S7599799Z,Raymond,Young,password,G
S7599799Z,Raymond,Young,password,G
S7599799Z,Raymond,Young,password,G
S7599799Z,Raymond,Young,password,G
S7599799Z,Raymond,Young,password,G
S7599799Z,Raymond,Young,password,G
S7599799Z,Raymond,Young,password,G
S7599799Z,Raymond,Young,password,G
S7599799Z,Raymond,Young,password,G
S7599799Z,Raymond,Young,password,G
S7599799Z,Raymond,Young,password,G
S7599799Z,Raymond,Young,password,G
S7599799Z,Raymond,Young,password,G
S7599799Z,Raymond,Young,password,G
S7599799Z,Raymond,Young,password,G
S7599799Z,Raymond,Young,password,G
S7599799Z,Raymond,Young,password,G
S7599799Z,Raymond,Young,password,G
S7599799Z,Raymond,Young,password,G
S7599799Z,Raymond,Young,password,G
S7599799Z,Raymond,Young,password,G
S7599799Z,Raymond,Young,password,G
S7599799Z,Raymond,Young,password,G
S7599799Z,Raymond,Young,password,G
S7599799Z,Raymond,Young,password,G
S7599799Z,Raymond,Young,password,G
S7599799Z,Raymond,Young,password,G
S7599799Z,Raymond,Young,password,G
S7599799Z,Raymond,Young,password,G
S7599799Z,Raymond,Young,password,G
S7599799Z,Raymond,Young,password,G
S7599799Z,Raymond,Young,password,G
S7599799Z,Raymond,Young,password,G
S7599799Z,Raymond,Young,password,G
S7599799Z,Raymond,Young,password,G
S7599799Z,Raymond,Young,password,G
S7599799Z,Raymond,Young,password,G
S7599799Z,Raymond,Young,password,G
S7599799Z,Raymond,Young,password,G
S7599799Z,Raymond,Young,password,G
S7599799Z,Raymond,Young,password,G
S7599799Z,Raymond,Young,password,G
S7599799Z,Raymond,Young,password,G
S7599799Z,Raymond,Young,password,G
S7599799Z,Raymond,Young,password,G
S7599799Z,Raymond,Young,password,G
S7599799Z,Raymond,Young,password,G
S7599799Z,Raymond,Young,password,G
S7599799Z,Raymond,Young,password,G
S7599799Z,Raymond,Young,password,G
S7599799Z,Raymond,Young,password,G
S7599799Z,Raymond,Young,password,G
S7599799Z,Raymond,Young,password,G
S7599799Z,Raymond,Young,password,G
S7599799Z,Raymond,Young,password,G
S7599799Z,Raymond,Young,password,G
S7599799Z,Raymond,Young,password,G
S7599799Z,Raymond,Young,password,G
S7599799Z,Raymond,Young,password,G
S7599799Z,Raymond,Young,password,G
S7599799Z,Raymond,Young,password,G
S7599799Z,Raymond,Young,password,G
S7599799Z,Raymond,Young,password,G
S7599799Z,Raymond,Young,password,G
S7599799Z,Raymond,Young,password,G
S7599799Z,Raymond,Young,password,G
S7599799Z,Raymond,Young,password,G
S7599799Z,Raymond,Young,password,G
S7599799Z,Raymond,Young,password,G
S7599799Z,Raymond,Young,password,G
S7599799Z,Raymond,Young,password,G
S7599799Z,Raymond,Young,password,G
S7599799Z,Raymond,Young,password,G
S7599799Z,Raymond,Young,password,G
S7599799Z,Raymond,Young,password,G
S7599799Z,Raymond,Young,password,G
S7599799Z,Raymond,Young,password,G
S7599799Z,Raymond,Young,password,G
S7599799Z,Raymond,Young,password,G
S7599799Z,Raymond,Young,password,G
S7599799Z,Raymond,Young,password,G
S7599799Z,Raymond,Young,password,G
S7599799Z,Raymond,Young,password,G
S7599799Z,Raymond,Young,password,G
S7599799Z,Raymond,Young,password,G
S7599799Z,Raymond,Young,password,G
S7599799Z,Raymond,Young,password,G
S7599799Z,Raymond,Young,password,G
S7599799Z,Raymond,Young,password,G
S7599799Z,Raymond,Young,password,G
S7599799Z,Raymond,Young,password,G
S7599799Z,Raymond,Young,password,G
S7599799Z,Raymond,Young,password,G
S7599799Z,Raymond,Young,password,G
S7599799Z,Raymond,Young,password,G
S7599799Z,Raymond,Young,password,G
S7599799Z,Raymond,Young,password,G
S7599799Z,Raymond,Young,password,G
S7599799Z,Raymond,Young,password,G
S7599799Z,Raymond,Young,password,G
S7599799Z,Raymond,Young,password,G
S7599799Z,Raymond,Young,password,G
S7599799Z,Raymond,Young,password,G
S7599799Z,Raymond,Young,password,G
S7599799Z,Raymond,Young,password,G
S7599799Z,Raymond,Young,password,G
S7599799Z,Raymond,Young,password,G
S7599799Z,Raymond,Young,password,G
S7599799Z,Raymond,Young,password,G
S7599799Z,Raymond,Young,password,G
S7599799Z,Raymond,Young,password,G
S7599799Z,Raymond,Young,password,G
S7599799Z,Raymond,Young,password,G
S7599799Z,Raymond,Young,password,G
S7599799Z,Raymond,Young,password,G
S7599799Z,Raymond,Young,password,G
S7599799Z,Raymond,Young,password,G
S7599799Z,Raymond,Young,password,G
S7599799Z,Raymond,Young,password,G
S7599799Z,Raymond,Young,password,G
S7599799Z,Raymond,Young,password,G
S7599799Z,Raymond,Young,password,G
S7599799Z,Raymond,Young,password,G
S7599799Z,Raymond,Young,password,G
S7599799Z,Raymond,Young,password,G
S7599799Z,Raymond,Young,password,G
S7599799Z,Raymond,Young,password,G
S7599799Z,Raymond,Young,password,G
S7599799Z,Raymond,Young,password,G
S7599799Z,Raymond,Young,password,G
S7599799Z,Raymond,Young,password,G
S7599799Z,Raymond,Young,password,G
S7599799Z,Raymond,Young,password,G
S7599799Z,Raymond,Young,password,G
S7599799Z,Raymond,Young,password,G
S7599799Z,Raymond,Young,password,G
S7599799Z,Raymond,Young,password,G
S7599799Z,Raymond,Young,password,G
S7599799Z,Raymond,Young,password,G
S7599799Z,Raymond,Young,password,G
S7599799Z,Raymond,Young,password,G
S7599799Z,Raymond,Young,password,G
S7599799Z,Raymond,Young,password,G
S7599799Z,Raymond,Young,password,G
S7599799Z,Raymond,Young,password,G
S7599799Z,Raymond,Young,password,G
S7599799Z,Raymond,Young,password,G
S7599799Z,Raymond,Young,password,G
S7599799Z,Raymond,Young,password,G
S7599799Z,Raymond,Young,password,G
S7599799Z,Raymond,Young,password,G
S7599799Z,Raymond,Young,password,G
S7599799Z,Raymond,Young,password,G
S7599799Z,Raymond,Young,password,G
S7599799Z,Raymond,Young,password,G
S7599799Z,Raymond,Young,password,G
S7599799Z,Raymond,Young,password,G
S7599799Z,Raymond,Young,password,G
S7599799Z,Raymond,Young,password,G
S7599799Z,Raymond,Young,password,G
S7599799Z,Raymond,Young,password,G
S7599799Z,Raymond,Young,password,G
S7599799Z,Raymond,Young,password,G
S7599799Z,Raymond,Young,password,G
S7599799Z,Raymond,Young,password,G
S7599799Z,Raymond,Young,password,G
S7599799Z,Raymond,Young,password,G
S7599799Z,Raymond,Young,password,G
S7599799Z,Raymond,Young,password,G
S7599799Z,Raymond,Young,password,G
S7599799Z,Raymond,Young,password,G
S7599799Z,Raymond,Young,password,G
S7599799Z,Raymond,Young,password,G
S7599799Z,Raymond,Young,password,G
S7599799Z,Raymond,Young,password,G
S7599799Z,Raymond,Young,password,G
S7599799Z,Raymond,Young,password,G
S7599799Z,Raymond,Young,password,G
S7599799Z,Raymond,Young,password,G
S7599799Z,Raymond,Young,password,G
S7599799Z,Raymond,Young,password,G
S7599799Z,Raymond,Young,password,G
S7599799Z,Raymond,Young,password,G
S7599799Z,Raymond,Young,password,G
S7599799Z,Raymond,Young,password,G
S7599799Z,Raymond,Young,password,G
S7599799Z,Raymond,Young,password,G
S7599799Z,Raymond,Young,password,G
S7599799Z,Raymond,Young,password,G
S7599799Z,Raymond,Young,password,G
S7599799Z,Raymond,Young,password,G
S7599799Z,Raymond,Young,password,G
S7599799Z,Raymond,Young,password,G
S7599799Z,Raymond,Young,password,G
S7599799Z,Raymond,Young,password,G
S7599799Z,Raymond,Young,password,G
S7599799Z,Raymond,Young,password,G
S7599799Z,Raymond,Young,password,G
S7599799Z,Raymond,Young,password,G
S7599799Z,Raymond,Young,password,G
S7599799Z,Raymond,Young,password,G
S7599799Z,Raymond,Young,password,G
S7599799Z,Raymond,Young,password,G
S7599799Z,Raymond,Young,password,G
S7599799Z,Raymond,Young,password,G
S7599799Z,Raymond,Young,password,G
S7599799Z,Raymond,Young,password,G
S7599799Z,Raymond,Young,password,G
S7599799Z,Raymond,Young,password,G
S7599799Z,Raymond,Young,password,G
S7599799Z,Raymond,Young,password,G
S7599799Z,Raymond,Young,password,G
S7599799Z,Raymond,Young,password,G
S7599799Z,Raymond,Young,password,H
S7599799Z,Raymond,Young,password,H
S7599799Z,Raymond,Young,password,H
S7599799Z,Raymond,Young,password,H
S7599799Z,Raymond,Young,password,H
S7599799Z,Raymond,Young,password,H
S7599799Z,Raymond,Young,password,H
S7599799Z,Raymond,Young,password,H
S7599799Z,Raymond,Young,password,H
S7599799Z,Raymond,Young,password,H
S7599799Z,Raymond,Young,password,H
S7599799Z,Raymond,Young,password,H
S7599799Z,Raymond,Young,password,H
S7599799Z,Raymond,Young,password,H
S7599799Z,Raymond,Young,password,H
S7599799Z,Raymond,Young,password,H
S7599799Z,Raymond,Young,password,H
S7599799Z,Raymond,Young,password,H
S7599799Z,Raymond,Young,password,H
S7599799Z,Raymond,Young,password,H
S7599799Z,Raymond,Young,password,H
S7599799Z,Raymond,Young,password,H
S7599799Z,Raymond,Young,password,H
S7599799Z,Raymond,Young,password,H
S7599799Z,Raymond,Young,password,H
S7599799Z,Raymond,Young,password,H
S7599799Z,Raymond,Young,password,H
S7599799Z,Raymond,Young,password,H
S7599799Z,Raymond,Young,password,H
S7599799Z,Raymond,Young,password,H
S7599799Z,Raymond,Young,password,H
S7599799Z,Raymond,Young,password,H
S7599799Z,Raymond,Young,password,H
S7599799Z,Raymond,Young,password,H
S7599799Z,Raymond,Young,password,H
S7599799Z,Raymond,Young,password,H
S7599799Z,Raymond,Young,password,H
S7599799Z,Raymond,Young,password,H
S7599799Z,Raymond,Young,password,H
S7599799Z,Raymond,Young,password,H
S7599799Z,Raymond,Young,password,H
S7599799Z,Raymond,Young,password,H
S7599799Z,Raymond,Young,password,H
S7599799Z,Raymond,Young,password,H
S7599799Z,Raymond,Young,password,H
S7599799Z,Raymond,Young,password,H
S7599799Z,Raymond,Young,password,H
S7599799Z,Raymond,Young,password,H
S7599799Z,Raymond,Young,password,H
S7599799Z,Raymond,Young,password,H
S7599799Z,Raymond,Young,password,H
S7599799Z,Raymond,Young,password,H
S7599799Z,Raymond,Young,password,H
S7599799Z,Raymond,Young,password,H
S7599799Z,Raymond,Young,password,H
S7599799Z,Raymond,Young,password,H
S7599799Z,Raymond,Young,password,H
S7599799Z,Raymond,Young,password,H
S7599799Z,Raymond,Young,password,H
S7599799Z,Raymond,Young,password,H
S7599799Z,Raymond,Young,password,H
S7599799Z,Raymond,Young,password,H
S7599799Z,Raymond,Young,password,H
S7599799Z,Raymond,Young,password,H
S7599799Z,Raymond,Young,password,H
S7599799Z,Raymond,Young,password,H
S7599799Z,Raymond,Young,password,H
S7599799Z,Raymond,Young,password,H
S7599799Z,Raymond,Young,password,H
S7599799Z,Raymond,Young,password,H
S7599799Z,Raymond,Young,password,H
S7599799Z,Raymond,Young,password,H
S7599799Z,Raymond,Young,password,H
S7599799Z,Raymond,Young,password,H
S7599799Z,Raymond,Young,password,H
S7599799Z,Raymond,Young,password,H
S7599799Z,Raymond,Young,password,H
S7599799Z,Raymond,Young,password,H
S7599799Z,Raymond,Young,password,H
S7599799Z,Raymond,Young,password,H
S7599799Z,Raymond,Young,password,H
S7599799Z,Raymond,Young,password,H
S7599799Z,Raymond,Young,password,H
S7599799Z,Raymond,Young,password,H
S7599799Z,Raymond,Young,password,H
S7599799Z,Raymond,Young,password,H
S7599799Z,Raymond,Young,password,H
S7599799Z,Raymond,Young,password,H
S7599799Z,Raymond,Young,password,H
S7599799Z,Raymond,Young,password,H
S7599799Z,Raymond,Young,password,H
S7599799Z,Raymond,Young,password,H
S7599799Z,Raymond,Young,password,H
S7599799Z,Raymond,Young,password,H
S7599799Z,Raymond,Young,password,H
S7599799Z,Raymond,Young,password,H
S7599799Z,Raymond,Young,password,H
S7599799Z,Raymond,Young,password,H
S7599799Z,Raymond,Young,password,H
S7599799Z,Raymond,Young,password,H
S7599799Z,Raymond,Young,password,H
S7599799Z,Raymond,Young,password,H
S7599799Z,Raymond,Young,password,H
S7599799Z,Raymond,Young,password,H
S7599799Z,Raymond,Young,password,H
S7599799Z,Raymond,Young,password,H
S7599799Z,Raymond,Young,password,H
S7599799Z,Raymond,Young,password,H
S7599799Z,Raymond,Young,password,H
S7599799Z,Raymond,Young,password,H
S7599799Z,Raymond,Young,password,H
S7599799Z,Raymond,Young,password,H
S7599799Z,Raymond,Young,password,H
S7599799Z,Raymond,Young,password,H
S7599799Z,Raymond,Young,password,H
S7599799Z,Raymond,Young,password,H
S7599799Z,Raymond,Young,password,H
S7599799Z,Raymond,Young,password,H
S7599799Z,Raymond,Young,password,H
S7599799Z,Raymond,Young,password,H
S7599799Z,Raymond,Young,password,H
S7599799Z,Raymond,Young,password,H
S7599799Z,Raymond,Young,password,H
S7599799Z,Raymond,Young,password,H
S7599799Z,Raymond,Young,password,H
S7599799Z,Raymond,Young,password,H
S7599799Z,Raymond,Young,password,H
S7599799Z,Raymond,Young,password,H
S7599799Z,Raymond,Young,password,H
S7599799Z,Raymond,Young,password,H
S7599799Z,Raymond,Young,password,H
S7599799Z,Raymond,Young,password,H
S7599799Z,Raymond,Young,password,H
S7599799Z,Raymond,Young,password,H
S7599799Z,Raymond,Young,password,H
S7599799Z,Raymond,Young,password,H
S7599799Z,Raymond,Young,password,H
S7599799Z,Raymond,Young,password,H
S7599799Z,Raymond,Young,password,H
S7599799Z,Raymond,Young,password,H
S7599799Z,Raymond,Young,password,H
S7599799Z,Raymond,Young,password,H
S7599799Z,Raymond,Young,password,H
S7599799Z,Raymond,Young,password,H
S7599799Z,Raymond,Young,password,H
S7599799Z,Raymond,Young,password,H
S7599799Z,Raymond,Young,password,H
S7599799Z,Raymond,Young,password,H
S7599799Z,Raymond,Young,password,H
S7599799Z,Raymond,Young,password,H
S7599799Z,Raymond,Young,password,H
S7599799Z,Raymond,Young,password,H
S7599799Z,Raymond,Young,password,H
S7599799Z,Raymond,Young,password,H
S7599799Z,Raymond,Young,password,H
S7599799Z,Raymond,Young,password,H
S7599799Z,Raymond,Young,password,H
S7599799Z,Raymond,Young,password,H
S7599799Z,Raymond,Young,password,H
S7599799Z,Raymond,Young,password,H
S7599799Z,Raymond,Young,password,H
S7599799Z,Raymond,Young,password,H
S7599799Z,Raymond,Young,password,H
S7599799Z,Raymond,Young,password,H
S7599799Z,Raymond,Young,password,H
S7599799Z,Raymond,Young,password,H
S7599799Z,Raymond,Young,password,H
S7599799Z,Raymond,Young,password,H
S7599799Z,Raymond,Young,password,H
S7599799Z,Raymond,Young,password,H
S7599799Z,Raymond,Young,password,H
S7599799Z,Raymond,Young,password,H
S7599799Z,Raymond,Young,password,H
S7599799Z,Raymond,Young,password,H
S7599799Z,Raymond,Young,password,H
S7599799Z,Raymond,Young,password,H
S7599799Z,Raymond,Young,password,H
S7599799Z,Raymond,Young,password,H
S7599799Z,Raymond,Young,password,H
S7599799Z,Raymond,Young,password,H
S7599799Z,Raymond,Young,password,H
S7599799Z,Raymond,Young,password,H
S7599799Z,Raymond,Young,password,H
S7599799Z,Raymond,Young,password,H
S7599799Z,Raymond,Young,password,H
S7599799Z,Raymond,Young,password,H
S7599799Z,Raymond,Young,password,H
S7599799Z,Raymond,Young,password,H
S7599799Z,Raymond,Young,password,H
S7599799Z,Raymond,Young,password,H
S7599799Z,Raymond,Young,password,H
S7599799Z,Raymond,Young,password,H
S7599799Z,Raymond,Young,password,H
S7599799Z,Raymond,Young,password,H
S7599799Z,Raymond,Young,password,H
S7599799Z,Raymond,Young,password,H
S7599799Z,Raymond,Young,password,H
S7599799Z,Raymond,Young,password,H
S7599799Z,Raymond,Young,password,H
S7599799Z,Raymond,Young,password,H
S7599799Z,Raymond,Young,password,H
S7599799Z,Raymond,Young,password,H
S7599799Z,Raymond,Young,password,H
S7599799Z,Raymond,Young,password,H
S7599799Z,Raymond,Young,password,H
S7599799Z,Raymond,Young,password,H
S7599799Z,Raymond,Young,password,H
S7599799Z,Raymond,Young,password,H
S7599799Z,Raymond,Young,password,H
S7599799Z,Raymond,Young,password,H
S7599799Z,Raymond,Young,password,H
S7599799Z,Raymond,Young,password,H
S7599799Z,Raymond,Young,password,H
S7599799Z,Raymond,Young,password,H
S7599799Z,Raymond,Young,password,H
S7599799Z,Raymond,Young,password,H
S7599799Z,Raymond,Young,password,H
S7599799Z,Raymond,Young,password,H
S7599799Z,Raymond,Young,password,H
S7599799Z,Raymond,Young,password,H
S7599799Z,Raymond,Young,password,H
S7599799Z,Raymond,Young,password,H
S7599799Z,Raymond,Young,password,H
S7599799Z,Raymond,Young,password,H
S7599799Z,Raymond,Young,password,H
S7599799Z,Raymond,Young,password,H
S7599799Z,Raymond,Young,password,H
S7599799Z,Raymond,Young,password,H
S7599799Z,Raymond,Young,password,H
S7599799Z,Raymond,Young,password,H
S7599799Z,Raymond,Young,password,H
S7599799Z,Raymond,Young,password,H
S7599799Z,Raymond,Young,password,H
S7599799Z,Raymond,Young,password,H
S7599799Z,Raymond,Young,password,H
S7599799Z,Raymond,Young,password,H
S7599799Z,Raymond,Young,password,H
S7599799Z,Raymond,Young,password,H
S7599799Z,Raymond,Young,password,H
S7599799Z,Raymond,Young,password,H
S7599799Z,Raymond,Young,password,H
S7599799Z,Raymond,Young,password,H
S7599799Z,Raymond,Young,password,H
S7599799Z,Raymond,Young,password,H
S7599799Z,Raymond,Young,password,H
S7599799Z,Raymond,Young,password,H
S7599799Z,Raymond,Young,password,H
S7599799Z,Raymond,Young,password,H
S7599799Z,Raymond,Young,password,H
S7599799Z,Raymond,Young,password,H
S7599799Z,Raymond,Young,password,H
S7599799Z,Raymond,Young,password,H
S7599799Z,Raymond,Young,password,H
S7599799Z,Raymond,Young,password,H
S7599799Z,Raymond,Young,password,H
S7599799Z,Raymond,Young,password,H
S7599799Z,Raymond,Young,password,H
S7599799Z,Raymond,Young,password,H
S7599799Z,Raymond,Young,password,H
S7599799Z,Raymond,Young,password,H
S7599799Z,Raymond,Young,password,H
S7599799Z,Raymond,Young,password,H
S7599799Z,Raymond,Young,password,H
S7599799Z,Raymond,Young,password,H
S7599799Z,Raymond,Young,password,H
S7599799Z,Raymond,Young,password,H
S7599799Z,Raymond,Young,password,H
S7599799Z,Raymond,Young,password,H
S7599799Z,Raymond,Young,password,H
S7599799Z,Raymond,Young,password,H
S7599799Z,Raymond,Young,password,H
S7599799Z,Raymond,Young,password,H
S7599799Z,Raymond,Young,password,H
S7599799Z,Raymond,Young,password,H
S7599799Z,Raymond,Young,password,H
S7599799Z,Raymond,Young,password,H
S7599799Z,Raymond,Young,password,H
S7599799Z,Raymond,Young,password,H
S7599799Z,Raymond,Young,password,H
S7599799Z,Raymond,Young,password,H
S7599799Z,Raymond,Young,password,H
S7599799Z,Raymond,Young,password,H
S7599799Z,Raymond,Young,password,H
S7599799Z,Raymond,Young,password,H
S7599799Z,Raymond,Young,password,H
S7599799Z,Raymond,Young,password,H
S7599799Z,Raymond,Young,password,H
S7599799Z,Raymond,Young,password,H
S7599799Z,Raymond,Young,password,H
S7599799Z,Raymond,Young,password,H
S7599799Z,Raymond,Young,password,H
S7599799Z,Raymond,Young,password,H
S7599799Z,Raymond,Young,password,H
S7599799Z,Raymond,Young,password,H
S7599799Z,Raymond,Young,password,H
S7599799Z,Raymond,Young,password,H
S7599799Z,Raymond,Young,password,H
S7599799Z,Raymond,Young,password,H
S7599799Z,Raymond,Young,password,H
S7599799Z,Raymond,Young,password,H
S7599799Z,Raymond,Young,password,H
S7599799Z,Raymond,Young,password,H
S7599799Z,Raymond,Young,password,H
S7599799Z,Raymond,Young,password,H
S7599799Z,Raymond,Young,password,H
S7599799Z,Raymond,Young,password,H
S7599799Z,Raymond,Young,password,H
S7599799Z,Raymond,Young,password,H
S7599799Z,Raymond,Young,password,H
S7599799Z,Raymond,Young,password,H
S7599799Z,Raymond,Young,password,H
S7599799Z,Raymond,Young,password,H
S7599799Z,Raymond,Young,password,H
S7599799Z,Raymond,Young,password,H
S7599799Z,Raymond,Young,password,H
S7599799Z,Raymond,Young,password,H
S7599799Z,Raymond,Young,password,H
S7599799Z,Raymond,Young,password,H
S7599799Z,Raymond,Young,password,H
S7599799Z,Raymond,Young,password,H
S7599799Z,Raymond,Young,password,H
S7599799Z,Raymond,Young,password,H
S7599799Z,Raymond,Young,password,H
S7599799Z,Raymond,Young,password,H
S7599799Z,Raymond,Young,password,H
S7599799Z,Raymond,Young,password,H
S7599799Z,Raymond,Young,password,H
S7599799Z,Raymond,Young,password,H
S7599799Z,Raymond,Young,password,H
S7599799Z,Raymond,Young,password,H
S7599799Z,Raymond,Young,password,H
S7599799Z,Raymond,Young,password,H
S7599799Z,Raymond,Young,password,H
S7599799Z,Raymond,Young,password,B
S7599799Z,Raymond,Young,password,B
S7599799Z,Raymond,Young,password,B
S7599799Z,Raymond,Young,password,B
S7599799Z,Raymond,Young,password,B
S7599799Z,Raymond,Young,password,B
S7599799Z,Raymond,Young,password,B
S7599799Z,Raymond,Young,password,B
S7599799Z,Raymond,Young,password,B
S7599799Z,Raymond,Young,password,B
S7599799Z,Raymond,Young,password,B
S7599799Z,Raymond,Young,password,B
S7599799Z,Raymond,Young,password,B
S7599799Z,Raymond,Young,password,B
S7599799Z,Raymond,Young,password,B
S7599799Z,Raymond,Young,password,B
S7599799Z,Raymond,Young,password,B
S7599799Z,Raymond,Young,password,B
S7599799Z,Raymond,Young,password,B
S7599799Z,Raymond,Young,password,B
S7599799Z,Raymond,Young,password,B
S7599799Z,Raymond,Young,password,B
S7599799Z,Raymond,Young,password,B
S7599799Z,Raymond,Young,password,B
S7599799Z,Raymond,Young,password,B
S7599799Z,Raymond,Young,password,B
S7599799Z,Raymond,Young,password,B
S7599799Z,Raymond,Young,password,B
S7599799Z,Raymond,Young,password,B
S7599799Z,Raymond,Young,password,B
S7599799Z,Raymond,Young,password,B
S7599799Z,Raymond,Young,password,B
S7599799Z,Raymond,Young,password,B
S7599799Z,Raymond,Young,password,B
S7599799Z,Raymond,Young,password,B
S7599799Z,Raymond,Young,password,B
S7599799Z,Raymond,Young,password,B
S7599799Z,Raymond,Young,password,B
S7599799Z,Raymond,Young,password,B
S7599799Z,Raymond,Young,password,B
S7599799Z,Raymond,Young,password,B
S7599799Z,Raymond,Young,password,B
S7599799Z,Raymond,Young,password,B
S7599799Z,Raymond,Young,password,B
S7599799Z,Raymond,Young,password,B
S7599799Z,Raymond,Young,password,B
S7599799Z,Raymond,Young,password,B
S7599799Z,Raymond,Young,password,B
S7599799Z,Raymond,Young,password,B
S7599799Z,Raymond,Young,password,B
S7599799Z,Raymond,Young,password,B
S7599799Z,Raymond,Young,password,B
S7599799Z,Raymond,Young,password,B
S7599799Z,Raymond,Young,password,B
S7599799Z,Raymond,Young,password,B
S7599799Z,Raymond,Young,password,B
S7599799Z,Raymond,Young,password,B
S7599799Z,Raymond,Young,password,B
S7599799Z,Raymond,Young,password,B
S7599799Z,Raymond,Young,password,B
S7599799Z,Raymond,Young,password,B
S7599799Z,Raymond,Young,password,B
S7599799Z,Raymond,Young,password,B
S7599799Z,Raymond,Young,password,B
S7599799Z,Raymond,Young,password,B
S7599799Z,Raymond,Young,password,B
S7599799Z,Raymond,Young,password,B
S7599799Z,Raymond,Young,password,B
S7599799Z,Raymond,Young,password,B
S7599799Z,Raymond,Young,password,B
S7599799Z,Raymond,Young,password,B
S7599799Z,Raymond,Young,password,B
S7599799Z,Raymond,Young,password,B
S7599799Z,Raymond,Young,password,B
S7599799Z,Raymond,Young,password,B
S7599799Z,Raymond,Young,password,B
S7599799Z,Raymond,Young,password,B
S7599799Z,Raymond,Young,password,B
S7599799Z,Raymond,Young,password,B
S7599799Z,Raymond,Young,password,B
S7599799Z,Raymond,Young,password,B
S7599799Z,Raymond,Young,password,B
S7599799Z,Raymond,Young,password,B
S7599799Z,Raymond,Young,password,B
S7599799Z,Raymond,Young,password,B
S7599799Z,Raymond,Young,password,B
S7599799Z,Raymond,Young,password,B
S7599799Z,Raymond,Young,password,B
S7599799Z,Raymond,Young,password,B
S7599799Z,Raymond,Young,password,B
S7599799Z,Raymond,Young,password,B
S7599799Z,Raymond,Young,password,B
S7599799Z,Raymond,Young,password,B
S7599799Z,Raymond,Young,password,B
S7599799Z,Raymond,Young,password,B
S7599799Z,Raymond,Young,password,B
S7599799Z,Raymond,Young,password,B
S7599799Z,Raymond,Young,password,B
S7599799Z,Raymond,Young,password,B
S7599799Z,Raymond,Young,password,B
S7599799Z,Raymond,Young,password,B
S7599799Z,Raymond,Young,password,B
S7599799Z,Raymond,Young,password,B
S7599799Z,Raymond,Young,password,B
S7599799Z,Raymond,Young,password,B
S7599799Z,Raymond,Young,password,B
S7599799Z,Raymond,Young,password,B
S7599799Z,Raymond,Young,password,B
S7599799Z,Raymond,Young,password,B
S7599799Z,Raymond,Young,password,B
S7599799Z,Raymond,Young,password,B
S7599799Z,Raymond,Young,password,B
S7599799Z,Raymond,Young,password,B
S7599799Z,Raymond,Young,password,B
S7599799Z,Raymond,Young,password,B
S7599799Z,Raymond,Young,password,B
S7599799Z,Raymond,Young,password,B
S7599799Z,Raymond,Young,password,B
S7599799Z,Raymond,Young,password,B
S7599799Z,Raymond,Young,password,B
S7599799Z,Raymond,Young,password,B
S7599799Z,Raymond,Young,password,B
S7599799Z,Raymond,Young,password,B
S7599799Z,Raymond,Young,password,B
S7599799Z,Raymond,Young,password,B
S7599799Z,Raymond,Young,password,B
S7599799Z,Raymond,Young,password,B
S7599799Z,Raymond,Young,password,B
S7599799Z,Raymond,Young,password,B
S7599799Z,Raymond,Young,password,B
S7599799Z,Raymond,Young,password,B
S7599799Z,Raymond,Young,password,B
S7599799Z,Raymond,Young,password,B
S7599799Z,Raymond,Young,password,B
S7599799Z,Raymond,Young,password,B
S7599799Z,Raymond,Young,password,B
S7599799Z,Raymond,Young,password,B
S7599799Z,Raymond,Young,password,B
S7599799Z,Raymond,Young,password,B
S7599799Z,Raymond,Young,password,B
S7599799Z,Raymond,Young,password,B
S7599799Z,Raymond,Young,password,B
S7599799Z,Raymond,Young,password,B
S7599799Z,Raymond,Young,password,B
S7599799Z,Raymond,Young,password,B
S7599799Z,Raymond,Young,password,B
S7599799Z,Raymond,Young,password,B
S7599799Z,Raymond,Young,password,B
S7599799Z,Raymond,Young,password,B
S7599799Z,Raymond,Young,password,B
S7599799Z,Raymond,Young,password,B
S7599799Z,Raymond,Young,password,B
S7599799Z,Raymond,Young,password,B
S7599799Z,Raymond,Young,password,B
S7599799Z,Raymond,Young,password,B
S7599799Z,Raymond,Young,password,B
S7599799Z,Raymond,Young,password,B
S7599799Z,Raymond,Young,password,B
S7599799Z,Raymond,Young,password,B
S7599799Z,Raymond,Young,password,B
S7599799Z,Raymond,Young,password,B
S7599799Z,Raymond,Young,password,B
S7599799Z,Raymond,Young,password,B
S7599799Z,Raymond,Young,password,B
S7599799Z,Raymond,Young,password,B
S7599799Z,Raymond,Young,password,B
S7599799Z,Raymond,Young,password,B
S7599799Z,Raymond,Young,password,B
S7599799Z,Raymond,Young,password,B
S7599799Z,Raymond,Young,password,B
S7599799Z,Raymond,Young,password,B
S7599799Z,Raymond,Young,password,B
S7599799Z,Raymond,Young,password,B
S7599799Z,Raymond,Young,password,B
S7599799Z,Raymond,Young,password,B
S7599799Z,Raymond,Young,password,B
S7599799Z,Raymond,Young,password,B
S7599799Z,Raymond,Young,password,B
S7599799Z,Raymond,Young,password,B
S7599799Z,Raymond,Young,password,B
S7599799Z,Raymond,Young,password,B
S7599799Z,Raymond,Young,password,B
S7599799Z,Raymond,Young,password,B
S7599799Z,Raymond,Young,password,B
S7599799Z,Raymond,Young,password,B
S7599799Z,Raymond,Young,password,B
S7599799Z,Raymond,Young,password,B
S7599799Z,Raymond,Young,password,B
S7599799Z,Raymond,Young,password,B
S7599799Z,Raymond,Young,password,B
S7599799Z,Raymond,Young,password,B
S7599799Z,Raymond,Young,password,B
S7599799Z,Raymond,Young,password,B
S7599799Z,Raymond,Young,password,B
S7599799Z,Raymond,Young,password,B
S7599799Z,Raymond,Young,password,B
S7599799Z,Raymond,Young,password,B
S7599799Z,Raymond,Young,password,B
S7599799Z,Raymond,Young,password,B
S7599799Z,Raymond,Young,password,B
S7599799Z,Raymond,Young,password,B
S7599799Z,Raymond,Young,password,B
S7599799Z,Raymond,Young,password,B
S7599799Z,Raymond,Young,password,B
S7599799Z,Raymond,Young,password,B
S7599799Z,Raymond,Young,password,B
S7599799Z,Raymond,Young,password,B
S7599799Z,Raymond,Young,password,B
S7599799Z,Raymond,Young,password,B
S7599799Z,Raymond,Young,password,B
S7599799Z,Raymond,Young,password,B
S7599799Z,Raymond,Young,password,B
S7599799Z,Raymond,Young,password,B
S7599799Z,Raymond,Young,password,B
S7599799Z,Raymond,Young,password,B
S7599799Z,Raymond,Young,password,B
S7599799Z,Raymond,Young,password,B
S7599799Z,Raymond,Young,password,B
S7599799Z,Raymond,Young,password,B
S7599799Z,Raymond,Young,password,B
S7599799Z,Raymond,Young,password,B
S7599799Z,Raymond,Young,password,B
S7599799Z,Raymond,Young,password,B
S7599799Z,Raymond,Young,password,B
S7599799Z,Raymond,Young,password,B
S7599799Z,Raymond,Young,password,B
S7599799Z,Raymond,Young,password,B
S7599799Z,Raymond,Young,password,B
S7599799Z,Raymond,Young,password,B
S7599799Z,Raymond,Young,password,B
S7599799Z,Raymond,Young,password,B
S7599799Z,Raymond,Young,password,B
S7599799Z,Raymond,Young,password,B
S7599799Z,Raymond,Young,password,B
S7599799Z,Raymond,Young,password,B
S7599799Z,Raymond,Young,password,B
S7599799Z,Raymond,Young,password,B
S7599799Z,Raymond,Young,password,B
S7599799Z,Raymond,Young,password,B
S7599799Z,Raymond,Young,password,B
S7599799Z,Raymond,Young,password,B
S7599799Z,Raymond,Young,password,B
S7599799Z,Raymond,Young,password,B
S7599799Z,Raymond,Young,password,B
S7599799Z,Raymond,Young,password,B
S7599799Z,Raymond,Young,password,B
S7599799Z,Raymond,Young,password,B
S7599799Z,Raymond,Young,password,B
S7599799Z,Raymond,Young,password,B
S7599799Z,Raymond,Young,password,B
S7599799Z,Raymond,Young,password,B
S7599799Z,Raymond,Young,password,B
S7599799Z,Raymond,Young,password,B
S7599799Z,Raymond,Young,password,B
S7599799Z,Raymond,Young,password,B
S7599799Z,Raymond,Young,password,B
S7599799Z,Raymond,Young,password,B
S7599799Z,Raymond,Young,password,B
S7599799Z,Raymond,Young,password,B
S7599799Z,Raymond,Young,password,B
S7599799Z,Raymond,Young,password,B
S7599799Z,Raymond,Young,password,B
S7599799Z,Raymond,Young,password,B
S7599799Z,Raymond,Young,password,B
S7599799Z,Raymond,Young,password,B
S7599799Z,Raymond,Young,password,B
S7599799Z,Raymond,Young,password,B
S7599799Z,Raymond,Young,password,B
S7599799Z,Raymond,Young,password,B
S7599799Z,Raymond,Young,password,B
S7599799Z,Raymond,Young,password,B
S7599799Z,Raymond,Young,password,B
S7599799Z,Raymond,Young,password,B
S7599799Z,Raymond,Young,password,B
S7599799Z,Raymond,Young,password,B
S7599799Z,Raymond,Young,password,B
S7599799Z,Raymond,Young,password,B
S7599799Z,Raymond,Young,password,B
S7599799Z,Raymond,Young,password,B
S7599799Z,Raymond,Young,password,B
S7599799Z,Raymond,Young,password,B
S7599799Z,Raymond,Young,password,B
S7599799Z,Raymond,Young,password,B
S7599799Z,Raymond,Young,password,B
S7599799Z,Raymond,Young,password,B
S7599799Z,Raymond,Young,password,B
S7599799Z,Raymond,Young,password,B
S7599799Z,Raymond,Young,password,B
S7599799Z,Raymond,Young,password,B
S7599799Z,Raymond,Young,password,B
S7599799Z,Raymond,Young,password,B
S7599799Z,Raymond,Young,password,B
S7599799Z,Raymond,Young,password,B
S7599799Z,Raymond,Young,password,B
S7599799Z,Raymond,Young,password,B
S7599799Z,Raymond,Young,password,B
S7599799Z,Raymond,Young,password,B
S7599799Z,Raymond,Young,password,B
S7599799Z,Raymond,Young,password,B
S7599799Z,Raymond,Young,password,B
S7599799Z,Raymond,Young,password,B
S7599799Z,Raymond,Young,password,B
S7599799Z,Raymond,Young,password,B
S7599799Z,Raymond,Young,password,B
S7599799Z,Raymond,Young,password,B
S7599799Z,Raymond,Young,password,B
S7599799Z,Raymond,Young,password,B
S7599799Z,Raymond,Young,password,B
S7599799Z,Raymond,Young,password,B
S7599799Z,Raymond,Young,password,B
S7599799Z,Raymond,Young,password,B
S7599799Z,Raymond,Young,password,B
S7599799Z,Raymond,Young,password,B
S7599799Z,Raymond,Young,password,B
S7599799Z,Raymond,Young,password,B
S7599799Z,Raymond,Young,password,B
S7599799Z,Raymond,Young,password,B
S7599799Z,Raymond,Young,password,B
S7599799Z,Raymond,Young,password,B
S7599799Z,Raymond,Young,password,B
S7599799Z,Raymond,Young,password,B
S7599799Z,Raymond,Young,password,B
S7599799Z,Raymond,Young,password,B
S7599799Z,Raymond,Young,password,B
S7599799Z,Raymond,Young,password,B
S7599799Z,Raymond,Young,password,B
S7599799Z,Raymond,Young,password,B
S7599799Z,Raymond,Young,password,B
S7599799Z,Raymond,Young,password,B
S7599799Z,Raymond,Young,password,B
S7599799Z,Raymond,Young,password,B
S7599799Z,Raymond,Young,password,B
S7599799Z,Raymond,Young,password,B
S7599799Z,Raymond,Young,password,B
S7599799Z,Raymond,Young,password,B