p_nric,firstname,lastname,covid_status
S7599799Z,Raymond,Young,FALSE
G6674547W,Walter,Lopez,FALSE
T8210333Z,Charles,Campbell,FALSE
T0772496E,Frank,Espinoza,FALSE
S4462602J,Nadine,Chase,FALSE
T3233582E,Kathleen,Gregory,FALSE
S5853831J,Marie,Lee,FALSE
G4832122X,David,Aronoff,FALSE
F5459701X,Jerry,Fulkerson,FALSE
G6740750X,Ron,Funchess,FALSE
F3671549U,Lourdes,Banner,FALSE
F9648652U,Michelle,Bright,FALSE
S7549540D,Meagan,Gardner,FALSE
G1015829Q,Mary,Simpson,FALSE
T2178025H,Lawerence,Howard,FALSE
F4263648R,Jean,Lott,FALSE
G1268714T,Jenny,Schweitzer,FALSE
T0438097A,Hanna,Swartz,FALSE
G2576539M,Hector,Hernandez,FALSE
F8447402U,Cheryl,Mcbride,FALSE
G7230615K,Anthony,Bala,FALSE
G6201758P,Wesley,Moore,FALSE
S5865222I,Shirley,Lewis,FALSE
S3518820G,Lisa,Leonard,FALSE
G2234785W,Joan,Nelson,FALSE
F3790342Q,Betty,Thornton,FALSE
T6690250H,Darrell,Thorne,FALSE
G2157864P,Lydia,Martin,FALSE
S2919600A,John,Neighbors,FALSE
G7058482X,Jacqueline,Kun,FALSE
T5948336B,Kimberly,Taylor,FALSE
T0065390F,Brooke,Evans,FALSE
S0588446B,Curtis,Barron,FALSE
S1775134D,Susan,Mulrooney,FALSE
F5140385K,Jay,Johnson,FALSE
S9549979A,Josephine,Dahlberg,FALSE
T7302963A,William,Ross,FALSE
S3144448I,Jimmie,Moistner,FALSE
G3498418U,Michael,Chavez,FALSE
G9219238K,Crystal,Frazier,FALSE
T5297915Z,Zachary,Gore,FALSE
F9349968U,Frederick,Richter,FALSE
T9149004D,Stephanie,Thurman,FALSE
F8877694K,Matthew,Rigel,FALSE
S3833731I,Rose,Randolph,FALSE
F0851797P,Brian,Oconner,FALSE
G5888422M,Agnes,Green,FALSE
F3807747M,Phillip,Lasala,FALSE
T8210494H,Tom,Edwards,FALSE
F1752408U,Neal,Phillips,FALSE
G9460241L,Trista,Muldoon,FALSE
T2375893D,Erin,Saunder,FALSE
S2132058G,Robert,Fondren,FALSE
T1101420D,Jefferson,Shapiro,FALSE
T1277874G,Bryan,Engelke,FALSE
G6076496X,Melvin,Cavanaugh,FALSE
F8265301P,Marilyn,Slater,FALSE
T8716023D,James,Muterspaw,FALSE
T5696552H,Jacquline,Searles,FALSE
S2107998G,Jamila,Lanzilotta,FALSE
F5246910N,Larry,Vandyke,FALSE
F3176827Q,Martha,King,FALSE
G5953239T,Nancy,Knight,FALSE
G8244136R,Nicole,Harrison,FALSE
T0622646E,Bernard,Fisher,FALSE
G1726052P,Neva,Ward,FALSE
S6002497I,Anna,Trammell,FALSE
G6158122M,Christopher,Glenn,FALSE
T2420059G,Roy,Porter,FALSE
T0956338A,Connie,Sigler,FALSE
F1386167Q,Natalie,Hammond,FALSE
F7131816T,Tommy,Bowens,FALSE
T6698706F,Gerald,Hughes,FALSE
F8348388K,Lillian,Matchett,FALSE
F8407765T,Adam,Dillon,FALSE
T2212466D,Jeff,Flores,FALSE
G1006647L,Harry,Hallman,FALSE
F4272675M,Vickie,Turner,FALSE
F0769666M,Tonya,Walker,FALSE
F6710594W,Orville,Engler,FALSE
G0452530U,Marlene,Campos,FALSE
S8665336B,Sandra,Holt,FALSE
G3754710M,Elaina,Colon,FALSE
G5621143N,Colton,Reep,FALSE
G5148549T,Rodney,Xie,FALSE
F1200725Q,Cyrus,Mathis,FALSE
G7249558L,Deirdre,Holien,FALSE
T7889820D,Brenda,Lanier,FALSE
S2503891F,Roberta,Kindred,FALSE
S7753949B,Jamie,Mata,FALSE
T7864029J,George,Carlin,FALSE
T2848895A,Cynthia,Mckeown,FALSE
S2160802E,Todd,Montgomery,FALSE
S0204410B,Daniel,Bowe,FALSE
G8736988P,Kelvin,Bourbon,FALSE
G9217439K,Ione,Duca,FALSE
S7362902J,Patricia,Marton,FALSE
G9131762T,Harold,Reeves,FALSE
S2022952G,Edmond,Westra,FALSE
T5758220G,Derek,Riso,FALSE
F4058079N,Lindsey,Rodgers,FALSE
S7961631A,Edward,Williams,FALSE
S0094450E,Easter,Fuller,FALSE
T7458638J,Amanda,Robinson,FALSE
S3822598G,Jonathan,Brown,FALSE
S4728059A,Yvonne,Scott,FALSE
G8339472U,Vanesa,Wehunt,FALSE
G0921584R,Joe,Kearns,FALSE
F2901487Q,Lester,Holder,FALSE
F0987417T,Erika,Dotson,FALSE
G3610663N,Kevin,Hornback,FALSE
T4757952F,Timothy,Dalton,FALSE
G4841384L,Herbert,Smith,FALSE
G0673637N,Helen,Sandoval,FALSE
G2792317N,Paul,Yates,FALSE
G7753700M,Archie,Watson,FALSE
S4724963E,Kelley,Champagne,FALSE
F9471091W,Marcus,Hicks,FALSE
S3646493C,Ada,Byers,FALSE
S0283469C,Elizabeth,Patrick,FALSE
S1349193C,Tiffany,Kugler,FALSE
G3943597M,Julia,Ballard,FALSE
F4553465X,Beverly,Tarbutton,FALSE
T1889233I,Edwardo,Wescott,FALSE
G5793064R,Edith,Lanterman,FALSE
F4787119X,Jack,Romano,FALSE
T4507644F,Leon,Szydlowski,FALSE
F9711727Q,Alvin,Haslett,FALSE
S7590200Z,Charlene,Dang,FALSE
T1098934A,Velma,Shaffer,FALSE
G7080048P,Milton,Singer,FALSE
S4050144D,Joseph,Fitzpatrick,FALSE
G6486450K,Stacey,Rothrock,FALSE
G9637734M,Lorraine,Dedeke,FALSE
G8734517W,Quentin,Ison,FALSE
S1253738G,Ann,Marcano,FALSE
T1199443H,Willie,Oconnor,FALSE
T8543879J,Ronald,Weir,FALSE
G4285122T,Eric,Carroll,FALSE
F3529603N,Bernadine,Lema,FALSE
S3482932B,Earl,Zimmerman,FALSE
S6530350G,Inez,Dieteman,FALSE
S8934332A,Howard,Burlew,FALSE
T3350502C,Janice,Bates,FALSE
F4863247P,Loida,Hilliard,FALSE
S6382809B,Catherine,Llewellyn,FALSE
G4706861X,Roger,Shiner,FALSE
F1958203P,Cindy,Kolden,FALSE
G3276484W,Tammy,Mccampbell,FALSE
S2544944D,Sherry,Goings,FALSE
F3763749K,Theresa,Vangieson,FALSE
T8486260B,Maricela,Mcdonnell,FALSE
T3908413E,Gita,Ruano,FALSE
G6327892R,Florence,Cummings,FALSE
G3891149Q,Casey,Long,FALSE
S8841900F,Katherine,Rivera,FALSE
F5320937T,Trang,Ray,FALSE
G1816354W,Adela,Fields,FALSE
S1578386I,Sarah,Morris,FALSE
S9763034H,Wayne,Dileo,FALSE
F8028416X,Sharon,Kellogg,FALSE
F9307852R,Jasmine,Walsh,FALSE
S7774190I,Miguel,Woods,FALSE
T3712091F,Peter,Reed,FALSE
F7396629U,Debbie,Black,FALSE
S7581635I,Dena,Barnes,FALSE
F3511929U,Danny,Wise,FALSE
S2868062G,Jeffrey,Gerbatz,FALSE
G5266566W,Del,Britt,FALSE
T9468632B,Margaret,Trevino,FALSE
S9335326I,Sang,Strope,FALSE
S4428497I,Cheryle,Moller,FALSE
T7800160C,Glenda,Sawyer,FALSE
S1072596H,Thomas,Kehoe,FALSE
F9560784P,Burton,Schrader,FALSE
G6389484U,Melissa,Peard,FALSE
T3182774J,Brenton,Martinez,FALSE
F7843050T,Donnie,Bartlett,FALSE
G3270516U,Salvador,Kratky,FALSE
G7610733K,Russell,Gilbert,FALSE
S6054535I,Stanley,Mathew,FALSE
F2738620L,Monica,Torres,FALSE
S2385492I,Bruce,Bushby,FALSE
G7418979U,Audrey,Mosley,FALSE
G6314651Q,Frances,Pineiro,FALSE
T6497542G,Linda,Dunn,FALSE
T6342915A,Antonio,Preston,FALSE
S9581588Z,Richard,Cook,FALSE
F9067010R,Jodi,Cruz,FALSE
F8853484X,Fred,Jackson,FALSE
G9246605T,Donald,Alexander,FALSE
G2347737N,Debra,Oberg,FALSE
S0181133I,Arthur,Scaglione,FALSE
T4463322H,Sabrina,David,FALSE
T2167589F,Allen,Burrell,FALSE
T4580835H,Ellen,Oberlander,FALSE
G5135412K,Everett,Waterer,FALSE
F7650241L,Rosemary,Creason,FALSE
S8494333I,Carlos,Benjamin,FALSE
S5969087F,Elsie,Helt,FALSE
G1361673L,Norma,Blackburn,FALSE
T3531629E,Adell,Morton,FALSE
G5216800M,Lauren,Halverson,FALSE
G0540793T,Ruth,Riley,FALSE
S4204448B,Dawn,Trinidad,FALSE
S0206578I,Ellis,Anderson,FALSE
S2695706J,Gregory,Mccoy,FALSE
G9065402R,Lucy,Miller,FALSE
T8916340J,Edna,Tripp,FALSE
G4352078X,Eloise,Osborne,FALSE
S0667780J,Georgia,Ellis,FALSE
S7001756C,Felix,Richards,FALSE
F9911634W,Ethel,Berry,FALSE
T6338723H,Rachel,Chapman,FALSE
G1904796U,Joesph,Scherer,FALSE
T2129967C,Aaron,Beaton,FALSE
S2860222G,Juliette,Oreilly,FALSE
G4988482L,Terry,Temples,FALSE
G2245865K,Estela,Ash,FALSE
G4151476R,Kenneth,Evenson,FALSE
F6620725X,Beatrice,Witherite,FALSE
F2291238X,Irene,Cauthen,FALSE
S1201091E,Marian,Mares,FALSE
T8976963E,Ray,Ponds,FALSE
F4656966X,Karen,Alston,FALSE
T1748276E,Bill,Davenport,FALSE
F1890679K,Ricky,Murphy,FALSE
T6654968I,Jeremy,Shasteen,FALSE
T7489488C,Vera,Williamson,FALSE
G0489476L,April,Valdez,FALSE
T4080620I,Bobby,Freeman,FALSE
S2826807F,Joy,Newman,FALSE
G4848336X,Kay,Walp,FALSE
F6258013P,Daisy,Tims,FALSE
T2605684A,Grace,Grady,FALSE
T3775505I,Daren,Gilstrap,FALSE
S7137996E,Joshua,Boe,FALSE
T8578887B,Christine,Mazurek,FALSE
G0944837W,Ella,Milbourn,FALSE
S5912338F,Juan,Gertz,FALSE
G9365614N,Diane,Pennington,FALSE
S6492638A,Gail,Hilbert,FALSE
G1670655N,Luz,Harris,FALSE
S4513099A,Julie,Stanley,FALSE
S9851063Z,Carolyn,Vaughn,FALSE
F1573307K,Gary,Kozak,FALSE
S1918244D,Phyllis,Liddle,FALSE
T7209241J,Deborah,Jarquin,FALSE
T6083352J,Lynn,Depaola,FALSE
F8551726X,Haydee,Compton,FALSE
T7637653G,Melva,Rodriguez,FALSE
T7235871B,Mabel,Ruiz,FALSE
G1611034K,Mike,Vega,FALSE
G8004607W,Marion,Trundle,FALSE
T5388750Z,Kristen,Davis,FALSE
G8810817K,Dave,Hensley,FALSE
G1457918X,Nicholas,Bisom,FALSE
S2046554I,Nathan,Heuser,FALSE
S6890091C,Meghan,Waiters,FALSE
F7796736L,Don,Humphreys,FALSE
S9470362Z,Ernest,Foster,FALSE
T6612108E,Lee,Kelly,FALSE
F2935099W,Jason,Cobb,FALSE
G8104268W,Leslie,Butcher,FALSE
S0774754C,Carolina,Ayers,FALSE
F1918326L,Dorothy,Padilla,FALSE
F2759142Q,Sergio,Noble,FALSE
G6150136W,Dean,Deare,FALSE
T9198826C,Blanche,Rudolph,FALSE
S7052138E,Andrew,Stien,FALSE
S2434715Z,Sebrina,Copeland,FALSE
S0232886J,Barbara,Allen,FALSE
G9131845N,Leeann,Caudle,FALSE
T3445649B,Hunter,Perez,FALSE
S7102491A,Angela,Widrick,FALSE
S1254313A,Stephen,Deroche,FALSE
S2191451G,Gerardo,Geiger,FALSE
F4324495R,Linsey,Thomas,FALSE
G6141348R,Elliot,Renner,FALSE
F9822253R,Keith,Freitas,FALSE
S9172319J,Amy,Gantt,FALSE
G2586023W,Mireille,Hardy,FALSE
F5273595P,Denise,Reitz,FALSE
T9084665A,Kelly,Harville,FALSE
S4780773E,Steven,Childress,FALSE
S0159164I,Rafael,Roberts,FALSE
S8042181H,Brittany,Hanson,FALSE
T1310330A,Lyle,Seger,FALSE
F4572290L,Ryann,Sawyers,FALSE
T5631144G,Edgar,Bowles,FALSE
T7496406G,Arnold,Conte,FALSE
T6090421E,Esteban,Strickland,FALSE
T2533157A,Vince,Breedlove,FALSE
S1536526I,Jeffery,Madlock,FALSE
T7519422B,Loretta,Emerson,FALSE
G2646397T,Jill,Benford,FALSE
S9909115J,Luci,Hays,FALSE
T3540024E,Valerie,Thornhill,FALSE
S6896682E,Cathy,Ollar,FALSE
T3147595Z,Frederic,Crosby,FALSE
T0182369D,Jaime,Mosholder,FALSE
F2880228P,Essie,Maynard,FALSE
F1661350U,Clarence,Fullilove,FALSE
T5719993D,Jorge,Mire,FALSE
S3894959D,Louise,Hoffman,FALSE
G7589026K,Jennifer,Huang,FALSE
G8771373W,Ora,Castano,FALSE
G6404081U,Carol,Muro,FALSE
T8125460A,Maurice,Gonzalez,FALSE
S2177868J,Chad,Wade,FALSE
F9437809P,Sylvester,Diamantopoulo,FALSE
G6777527P,Heidi,Bucher,FALSE
F2025683N,Diedra,Christian,FALSE
S4296931A,Lillie,Sharp,FALSE
G8078557M,Blaine,Stene,FALSE
F0328828P,Oscar,Cox,FALSE
S7446775Z,Young,Shiroma,FALSE
T0067951D,Samuel,Bush,FALSE
F4959234P,Martin,Meyers,FALSE
F4910069T,Anne,Hood,FALSE
G2162442Q,Trina,Mcknight,FALSE
T7043352J,Tyisha,Mccullum,FALSE
T6684704C,Emily,Gilford,FALSE
G1583490R,Barry,Chavira,FALSE
T7137525G,Janet,Fox,FALSE
S9634820G,Nellie,Peters,FALSE
G0164801U,Jacquelyn,Yocum,FALSE
G9586037R,Carlton,Pulido,FALSE
T4677994G,Johnny,Hunter,FALSE
G2476911P,Lucille,Lamar,FALSE
F1987070R,Theodore,Hubbard,FALSE
S4482964I,Katie,Shay,FALSE
G5245597P,Rodolfo,Mcclendon,FALSE
G7399432U,Bryce,White,FALSE
F7525683M,Mark,Steir,FALSE
F8110450Q,Alison,Sanchez,FALSE
T4372543I,Roberto,Kerr,FALSE
S3273884B,Dallas,Wong,FALSE
S4274799H,Patrick,Mercado,FALSE
T2342768G,Sybil,Rhodes,FALSE
G6263074X,Eva,Harper,FALSE
G2864641R,Vincent,Dishman,FALSE
F5585542X,Lea,James,FALSE
F0608986X,Cecelia,Mitchell,FALSE
S3957204D,Omar,Barahona,FALSE
T2953628C,Billy,Stack,FALSE
S2092527B,Constance,Wells,FALSE
T5221888D,Henry,Gavin,FALSE
F9341643X,Lynne,Call,FALSE
S4602344G,Erna,Pontious,FALSE
G1140308K,Tyrone,Concepcion,FALSE
G9718065U,Margarita,Bunch,FALSE
T6998990F,Dale,Collins,FALSE
T3695407D,Donna,Chavarria,FALSE
T1636661C,Eunice,Zelkind,FALSE
G4746730L,Terrance,Sanford,FALSE
G1983786L,Brandon,Koetter,FALSE
G0044819U,Lois,Mohmed,FALSE
S3410648G,Krystal,Riches,FALSE
S4773658G,Allan,Blake,FALSE
S1333381E,Jane,Blue,FALSE
T3681100A,Lawrence,Clark,FALSE
F2504293W,Jose,Grandi,FALSE
G3516174R,Eduardo,Lane,FALSE
G7392609U,Johnathan,Catalan,FALSE
G1078344K,Justin,Karl,FALSE
G6919207L,Teresa,Chaney,FALSE
G4578095W,Wendy,Schertz,FALSE
G0368734T,Paula,Hudson,FALSE
T7401463H,Bertha,Murray,FALSE
F5567364X,Douglas,Beatty,FALSE
G8779175R,Carla,Staton,FALSE
T9902624Z,Melisa,Jordan,FALSE
T9000792G,Maxine,Barnett,FALSE
T1436057Z,Janette,Jones,FALSE
G8639080P,Autumn,Mcfarlin,FALSE
F8770001K,Kim,Lindgren,FALSE
F3532493M,Troy,Drey,FALSE
T7952373E,Marvin,Bermeo,FALSE
S6608953C,Lynda,Ulloa,FALSE
S9330586H,Wanda,Griffith,FALSE
T7626462C,Stewart,Rawls,FALSE
G5544613Q,Cory,Allendorf,FALSE
G7896240U,Stephan,Witmer,FALSE
F9964785W,Tammi,Perry,FALSE
F4014837W,Laura,Key,FALSE
F2405485M,Herman,Townsend,FALSE
G3387506T,Bobbi,Cisneros,FALSE
T7631313F,Ida,Pope,FALSE
F0691928Q,Alton,Carr,FALSE
S8841747Z,Otto,Laws,FALSE
T1721784J,Melba,Tucker,FALSE
G4089595M,Virginia,Lindsay,FALSE
T1124524I,Nora,Woodbury,FALSE
S1998633J,Joyce,Hunt,FALSE
G8782336P,Clayton,Simons,FALSE
F1084858W,Kizzy,Michaud,FALSE
T8091099H,Woodrow,Shoun,FALSE
T7452094J,Roxanne,Springer,FALSE
S8414965I,Micheal,Emert,FALSE
F7564373W,Carmen,Proctor,FALSE
T6004900E,Naomi,Hopper,FALSE
F9778782N,Delois,Malone,FALSE
T2526774A,Lloyd,Diehl,FALSE
G4715054Q,Vernice,Mcnamara,FALSE
G8337836R,Bonnie,Griffin,FALSE
G9101575M,Percy,Charity,FALSE
G7898536X,Andy,Rawlings,FALSE
G6149236X,Gabriella,Molina,FALSE
S1548585Z,Dennis,Chowenhill,FALSE
S2449465I,Kristin,Boone,FALSE
T9552714G,Cristine,Baldwin,FALSE
F6699629T,Greg,Short,FALSE
F1046915P,Gertrude,Walles,FALSE
F6956976P,Velva,Schrecengost,FALSE
T9648016J,Ulysses,Vargas,FALSE
G5179916Q,Claire,Temple,FALSE
F9128259M,Ralph,Samuel,FALSE
S3800081J,Lettie,Abbott,FALSE
F8478107W,Cary,Smiley,FALSE
T7291335Z,Jon,Harrier,FALSE
F9569978L,Carl,Mccurdy,FALSE
G2388548X,Lonny,Reynolds,FALSE
T0169039B,Marcellus,Schwandt,FALSE
S0433098F,Eddie,Becerra,FALSE
F3908325Q,Scott,Magee,FALSE
F0964349N,Randolph,Gannon,FALSE
F1896935K,Brett,Bruster,FALSE
G5394597Q,Chandra,Sweene,FALSE
F0971468P,Shawn,Slaybaugh,FALSE
F2393449M,Jenifer,Garrett,FALSE
F5044387Q,Gayle,Danos,FALSE
S0356414B,Fredrick,Remy,FALSE
T3800949J,Tyler,Culligan,FALSE
T3615523F,Peggy,Fine,FALSE
F8986318W,Gina,Whittemore,FALSE
F5195114W,Cruz,Byrd,FALSE
G4590126U,Jessie,Silva,FALSE
F3890136L,Sal,Wright,FALSE
F4133456T,Miranda,Poe,FALSE
F0209565M,Tara,Kennedy,FALSE
F3304951W,Hilary,Hansen,FALSE
G2833316T,Robbie,Dryden,FALSE
T6211678H,Jessica,Bennett,FALSE
T6508258B,Amber,Malloy,FALSE
T7791856B,Debrah,Thompson,FALSE
G0568145L,Lucia,Koch,FALSE
S8674216J,Ethan,Brooks,FALSE
S0390013D,Andre,Sandage,FALSE
T4205889G,Luke,Ritter,FALSE
G3713473U,Thelma,Odum,FALSE
F1961898Q,Issac,Hayes,FALSE
F2630918L,Wilbur,Mcgee,FALSE
T4710584B,Mildred,Starling,FALSE
S6624108D,Alisa,Salvietti,FALSE
G4275682U,Sylvia,Schmidt,FALSE
F2652267Q,Jimmy,Havens,FALSE
F6917675P,Kecia,Tamura,FALSE
T9525968A,Jackson,Dowdy,FALSE
S3265335I,Earnest,Caswell,FALSE
T9192434F,Stevie,Lutes,FALSE
G3804029X,Evelyn,Backman,FALSE
F1113931X,Marjorie,Garza,FALSE
G4684438L,Pattie,Bunda,FALSE
S1583361J,Mario,Robles,FALSE
F8976348R,Celia,Sykes,FALSE
F1071487R,Delores,Villalobas,FALSE
T7926616C,Ernestina,Day,FALSE
T5202527Z,Jordan,Fegueroa,FALSE
T3739767E,Mattie,Baines,FALSE
G8044108N,Andrea,Haire,FALSE
F3316054L,Billie,Khalaf,FALSE
G6405968N,Collette,Bussey,FALSE
T3107067D,Kathy,Soukup,FALSE
G8970055N,Bobbie,Dasilva,FALSE
F1649274N,Sue,Gebhard,FALSE
S5716687H,Glenn,Bass,FALSE
G2874606M,Lesley,Harrell,FALSE
G9452305U,Laureen,Comstock,FALSE
T6329975D,Dannielle,Haymes,FALSE
F4653238N,Ryan,Jorgensen,FALSE
S1906180I,Fernando,Helmick,FALSE
S6553370G,Almeta,Shepard,FALSE
T7478811J,Pamela,Reece,FALSE
T3071494B,Samantha,Sterling,FALSE
S5566962G,Deanna,Surface,FALSE
G3373332T,Michele,Tratar,FALSE
F9622719K,Cameron,Mcfarland,FALSE
T0261074J,Verna,Moran,FALSE
G3443256U,Yang,Rosas,FALSE
G7186083W,Lessie,Canipe,FALSE
T9528649B,Laquita,Mcswain,FALSE
T1086942G,Nickole,Hart,FALSE
G9083682Q,Rita,Harvey,FALSE
S8876628H,Elvin,Thacker,FALSE
F0686867M,Floyd,Delgado,FALSE
F0117815Q,Roosevelt,Crespo,FALSE
T8095868J,Janie,Stiles,FALSE
G8416161L,Albert,Hartford,FALSE
F0108500W,Kathryn,Perritt,FALSE
G2599096Q,Sara,Reid,FALSE
S4375155G,Gilbert,Beckler,FALSE
S8054357C,Bennett,Ange,FALSE
T4793129G,Delia,Mccord,FALSE
T5390875B,Adolfo,Tagliarini,FALSE
T0115353B,Beth,Mcclimon,FALSE
G0434900N,Mia,Quarles,FALSE
S7892041F,Hannah,Rosner,FALSE
G8955212K,Clifford,Kodadek,FALSE
T1154443B,Rosa,Shore,FALSE
F1120517T,Rhonda,Lemus,FALSE
S4317371E,Ollie,Walters,FALSE
T9063764E,Jennie,Bona,FALSE
G6729663Q,Alfred,Cooper,FALSE
G8552546N,Arlene,Nolden,FALSE
S1345244Z,Grover,Pishko,FALSE
S0896926D,Victoria,Blosser,FALSE
T5564966E,Damian,Napier,FALSE
F8927955X,Scot,Barnhardt,FALSE
G3628338L,Marcella,Grant,FALSE
S3083306F,Ruby,Richardson,FALSE
T4004654I,Russ,Zager,FALSE
T5413193Z,Christina,Likio,FALSE
F4738845R,Nelson,Imai,FALSE
T8947336A,Patrica,Githens,FALSE
G5429221Q,Norman,Gaines,FALSE
F2547451K,Wm,Isaac,FALSE
G8331825U,Mathilda,Robison,FALSE
G0132723U,Maureen,Sakoda,FALSE
F9768524W,Ahmad,Thrift,FALSE
S9213095I,Wilson,Hevner,FALSE
S0409890J,Maudie,Giannini,FALSE
S0335916F,Patsy,Detrick,FALSE
G8502410N,Beatriz,Salisbury,FALSE
T2018224A,Gordon,Hiles,FALSE
T8946894E,Dolly,Steinert,FALSE
F0364826P,Vickey,Polite,FALSE
S1180420I,Randall,Marshall,FALSE
G6619100T,Doreen,Whalen,FALSE
S4420637D,June,Cooperman,FALSE
G3923759N,Eleanor,Stuart,FALSE
F3352768M,Pete,Armstrong,FALSE
G2254561U,Kara,Mashaw,FALSE
F9829205P,Luis,Grignon,FALSE
S7324186C,Julianne,Hackwell,FALSE
S7880394J,Wilma,Vitullo,FALSE
S3294959B,Robin,Davison,FALSE
F7356014N,Leah,Parry,FALSE
T0048250H,Teddy,Gaffigan,FALSE
S3752868D,Priscilla,Wible,FALSE
S6524191I,Heather,Sable,FALSE
S6810480G,Anastacia,Barbour,FALSE
T4216673H,Akilah,Romero,FALSE
T2589344H,Craig,Okajima,FALSE
G5046085T,Tracy,Linnane,FALSE
F0206290U,Anita,Miner,FALSE
T1432664I,Abraham,Mcallen,FALSE
T9832954J,Melanie,Elgin,FALSE
F6084973X,Alfredo,Baver,FALSE
T6893162I,Virgie,Lerch,FALSE
S1449094I,Loyd,Calhoun,FALSE
T5748511B,Elroy,Dixion,FALSE
G1043051N,Wendell,Kues,FALSE
F7138303L,Tina,Alvarez,FALSE
S5783713F,Ashley,Lind,FALSE
S0122796C,Patty,Cross,FALSE
G9827920U,Sasha,Lockwood,FALSE
G6888856K,Katheryn,Daley,FALSE
T0241642A,Felicia,Weakland,FALSE
G7217844R,Corinne,Nease,FALSE
T8575203G,Jeannette,Morgan,FALSE
G7062327M,Lucas,Hull,FALSE
T2854079A,Vivan,Najera,FALSE
S0257771B,Mona,Cowen,FALSE
S7058080B,Dora,Crabtree,FALSE
F2646744Q,Francisco,Mbonu,FALSE
T1250075G,Ines,Wilson,FALSE
G1115971R,Amie,Brunson,FALSE
G3216504X,Alexander,Talley,FALSE
S7414048C,Harriet,Gillespie,FALSE
T8989701C,Nathaniel,Maberry,FALSE
S3974583F,Cristina,Roark,FALSE
T3634815H,Elinor,Uhlman,FALSE
T3084069G,Wallace,Holland,FALSE
T1003053B,Theressa,Torelli,FALSE
T4411351H,Claudia,Kirkland,FALSE
T4870464B,Georgina,Laflamme,FALSE
G5797205Q,Tony,Barrett,FALSE
S0112513C,Gwen,Neang,FALSE
F3679987X,Jarred,Esters,FALSE
G5802896M,Esther,Peck,FALSE
S7632375E,Dana,Strutz,FALSE
G2086964Q,Sheila,Huggins,FALSE
S1598313B,Marcia,Vasquez,FALSE
F2855743N,Elisa,Lynch,FALSE
S1705518F,Alexandra,Gutierrez,FALSE
F5564875K,Randy,Nick,FALSE
S2085770F,Emmanuel,Healey,FALSE
F0962010U,Mathew,Hu,FALSE
F0230858N,Velda,Meluso,FALSE
S7994218I,Bradley,Janke,FALSE
F6174329N,Melinda,Ellington,FALSE
F2842025X,Katelyn,Gordan,FALSE
T7481482J,Margie,Galindez,FALSE
S3364118D,Faye,Logan,FALSE
F5351361K,Joann,Velasquez,FALSE
S8610612D,Tomasa,Washington,FALSE
G6315391K,Maria,Schuster,FALSE
F8734092U,Doris,Haddock,FALSE
F9479278U,Katharine,Stevens,FALSE
F6938913U,Annie,Perdue,FALSE
G6357287Q,Lula,Rankin,FALSE
G5708128M,Gwyneth,Zimmer,FALSE
F3078257R,Sean,Derr,FALSE
T8176468E,Mayra,Courson,FALSE
T6280916C,Avery,Bailey,FALSE
T3315630D,Marco,Fernandez,FALSE
G4786376M,Cassandra,Wolfram,FALSE
G5417797L,Callie,Cassel,FALSE
F9750533X,Reginald,Nissen,FALSE
T7730421A,Hillary,Cohn,FALSE
F9764541T,Judy,Winston,FALSE
S4927537D,Laverne,Franklin,FALSE
G6821178L,Daphne,Neal,FALSE
S3477117J,Sophia,Gober,FALSE
G8720997R,Leo,Jorstad,FALSE
T5712006H,Ossie,Diaz,FALSE
G0706206R,Ben,Dansereau,FALSE
T8802331A,Leland,Boyd,FALSE
F1740717K,Vivian,Payne,FALSE
G0606485Q,Kyle,Loy,FALSE
T5411870D,Shelley,Felix,FALSE
T9213050E,Maryanne,Spurgeon,FALSE
T6537697G,Stefania,Henry,FALSE
T3351505C,Violeta,Ricks,FALSE
S6518511C,Annette,Roman,FALSE
T7466629E,Rebecca,Gulley,FALSE
F6815266Q,Twyla,Blodgett,FALSE
S8967593F,Antoine,Landers,FALSE
S9518610F,Rory,Glover,FALSE
T4865793H,Leroy,Sheppard,FALSE
F3702569X,Ty,Nolen,FALSE
G3469048R,Leonard,Rittenhouse,FALSE
F4185070K,Ellyn,Lowe,FALSE
G7672643X,Ramiro,Cooley,FALSE
T9767734J,Elida,Parker,FALSE
F1082033L,Francis,Boyle,FALSE
T6055250E,Norbert,Drews,FALSE
S2328331Z,Loren,Zwilling,FALSE
G8175198L,Sally,Scates,FALSE
F2624537X,Brunilda,Mcclaine,FALSE
G3577200L,Megan,Tubbs,FALSE
F3346919P,Mamie,Olivera,FALSE
T3338579F,Alice,Nieves,FALSE
G7407807P,Sherri,Norris,FALSE
S3758462B,Cecil,Dove,FALSE
T9226308D,Dominick,Leal,FALSE
S0863007J,Erica,Bond,FALSE
F2177749T,Jared,Vetter,FALSE
G1739050W,Pat,Avery,FALSE
F6818479R,Faith,Hassell,FALSE
G0181515L,Christin,Velez,FALSE
G3608436M,Elaine,Holst,FALSE
T7672150A,Byron,Keen,FALSE
F8437303Q,Rudolph,Cash,FALSE
F7929941M,Hilda,Larish,FALSE
F0502982K,Laurie,Creel,FALSE
F7059003N,Dortha,Mcalister,FALSE
S2097439G,Kathrine,Moffatt,FALSE
G3525394M,Jolene,Griggs,FALSE
S8560037J,Lara,Whitley,FALSE
S2104941G,Tabitha,Higuera,FALSE
T8496507Z,Antone,Rogers,FALSE
S2550708H,Lamar,Burroughs,FALSE
G1725936P,Asha,Schmitt,FALSE
S4229436E,Nelly,Carmley,FALSE
T9562007D,Lola,Douglas,FALSE
T7224580B,Tanika,Rice,FALSE
S0827410Z,Kerry,Spataro,FALSE
G7495394N,Darlene,Babin,FALSE
G9224957W,Darcie,Pape,FALSE
T8586332G,Dustin,Horan,FALSE
T9135788C,Manuel,Ochs,FALSE
G5095482Q,Cassie,Monroe,FALSE
F9819803L,Renee,Matherne,FALSE
F2939161X,Louis,Houston,FALSE
T4508464C,Granville,Buckman,FALSE
G9200295R,Clement,Zechman,FALSE
G8187993T,Joni,Gallager,FALSE
F6098090W,Maryann,Seibert,FALSE
G3742638K,Gladys,Massey,FALSE
T1501418G,Sharonda,Pineda,FALSE
G9500037T,Mitchell,Shearer,FALSE
T3507608A,Cornell,Borysewicz,FALSE
T0138502F,Corey,Latigo,FALSE
F3595021N,Shaunna,Conley,FALSE
F7008190M,Carlene,Parente,FALSE
S1137426C,Molly,Dixon,FALSE
G7666157Q,Jc,Murphree,FALSE
G5463035U,Vernon,Wallace,FALSE
G5443076R,Laurence,Wolfe,FALSE
S3657716I,Hope,Scurry,FALSE
S4156584E,Mercedes,Holden,FALSE
S1932412E,Maynard,Windsor,FALSE
S5060508F,Guy,Becker,FALSE
F2829119K,Benny,Goodwin,FALSE
S9072960H,Regina,Dangelo,FALSE
F4395704W,Shanell,Redfox,FALSE
T4711897I,Victor,Roupe,FALSE
S4220260F,Chester,Maroney,FALSE
S8515233E,Shannon,Mathews,FALSE
F2263346P,Damon,Quezad,FALSE
S7047131J,Gregg,Tran,FALSE
G0116701X,Clara,Faulkner,FALSE
T6787490G,Charity,Harney,FALSE
S8410535Z,Kelli,Kirschman,FALSE
G5494679T,Danielle,Ryan,FALSE
S8119334G,Jacob,Ramirez,FALSE
S1943453B,Latrice,Runions,FALSE
G4587578X,Frankie,Lewicki,FALSE
T7136921D,Duane,Dreesman,FALSE
G0273520U,Gloria,Randall,FALSE
T2594427A,Olivia,Kahn,FALSE
S4969034G,Venice,Hirschfeld,FALSE
S2340700J,Joanne,Fambrough,FALSE
G5217105P,Tiffaney,Rigby,FALSE
G1435210X,Brent,Sloat,FALSE
F1950148P,Neil,Thivierge,FALSE
F1745928R,Kitty,Craig,FALSE
T0904037J,Carrie,Puckett,FALSE
T6320560A,Signe,Hussey,FALSE
F0197451M,Nestor,Yeager,FALSE
F6904119K,Edwin,Moses,FALSE
F3713985T,Melody,Liggins,FALSE
F8788138P,Jeanine,Aline,FALSE
F3400490X,Junior,Childs,FALSE
G7841569Q,Traci,Nagle,FALSE
S2623307J,Wade,Mills,FALSE
S5202389J,Emilie,Guzman,FALSE
F3836708X,Felipe,Royse,FALSE
G5850980P,Lilian,Jung,FALSE
T7561360H,Trevor,Stephens,FALSE
T8611712B,Clifton,Hampton,FALSE
S8237957F,Dierdre,Joseph,FALSE
G3248728P,Lena,Plummer,FALSE
S6341588Z,Sanford,Hebert,FALSE
G9879661X,Charissa,Mcguire,FALSE
T8169479B,Carmela,Ortega,FALSE
S6737104F,Jeanette,Wood,FALSE
F9414785U,Eugene,Kiffer,FALSE
G4601056L,Sam,Lafleur,FALSE
S1044271J,Olive,Obrien,FALSE
S5746206Z,Alyssa,Shearing,FALSE
S6112269I,Rickie,Taranto,FALSE
T0445621H,Alex,Alcazar,FALSE
G1900071R,Ramon,Marriott,FALSE
T6959194E,Nickie,Braswell,FALSE
S8679092J,Jo,Cleveland,FALSE
T0220838A,Bonita,Manuel,FALSE
F3001312M,Tim,Newton,FALSE
T2484079J,Devon,Botts,FALSE
F2769694P,Veronica,Fluitt,FALSE
G9581887R,Harris,Mims,FALSE
G2567540T,Juanita,Neff,FALSE
F9403420P,Adrienne,Rocha,FALSE
S0546419F,Alec,Mertes,FALSE
S0302824J,Berniece,Fortin,FALSE
S3695336E,Rickey,Perkins,FALSE
F3498041K,Franklin,Aaberg,FALSE
S8423422B,Perry,Weathers,FALSE
S5778971I,Colleen,Veitch,FALSE
G5933815W,Lorna,Carrillo,FALSE
G7392831T,Tanya,Hassard,FALSE
G4758564W,Alejandro,Mcannally,FALSE
T2802441F,Kendra,Fleming,FALSE
T6414972A,Bernetta,Dobbins,FALSE
G6422024T,Carole,Ford,FALSE
S5591110Z,Thomasine,Books,FALSE
F7839009M,Gabriel,Chambers,FALSE
S3506413C,Hazel,Brashears,FALSE
S9782103H,Jesse,Polanco,FALSE
F4812109T,Renata,Good,FALSE
T9183703F,Micah,Summer,FALSE
G3430619U,Harvey,Hall,FALSE
S5650733G,Mittie,Prechtel,FALSE
F6956231X,Judith,Outman,FALSE
S3652152Z,Kasey,Simms,FALSE
S1200731J,Antoinette,Elia,FALSE
G0925637M,Gale,Posada,FALSE
F9338851T,Raquel,Hill,FALSE
S3272486H,Cody,Clift,FALSE
F3801810T,Max,Carlton,FALSE
T5885314Z,Steve,Vincent,FALSE
F8685334P,Ila,Mann,FALSE
F1615705T,Tillie,Ramage,FALSE
G9965224T,Suzanne,Bryan,FALSE
T7873037J,Vida,Castaneda,FALSE
T6259376D,Charlie,Mckenna,FALSE
T5550060B,Madelyn,Hartline,FALSE
G5673182U,Bernice,Kenney,FALSE
S6397901E,Rufus,Norvell,FALSE
S4719955G,Bessie,Walls,FALSE
T7030437B,Elisha,Graham,FALSE
F5077862L,Hilton,Tiry,FALSE
S5239981E,Leona,Sullivan,FALSE
F5171198W,Garry,Raczka,FALSE
T6708363B,Vaughn,Natale,FALSE
S4872415I,Fumiko,Scales,FALSE
F3479307R,Zelma,Mccracken,FALSE
S0457571G,Jama,Uong,FALSE
S4172463C,Sammie,Defibaugh,FALSE
S5664937I,Leopoldo,Aguiar,FALSE
S5423869Z,Philip,Knapp,FALSE
F2292505U,Madalyn,Mooreland,FALSE
F4685800W,Josefa,Hamm,FALSE
G9399957L,Viola,Lacy,FALSE
G0206171L,Keiko,Gloden,FALSE
G7898120U,Dionne,Carter,FALSE
T9930567Z,Rena,Ronning,FALSE
G7845138L,Benita,Bramblett,FALSE
F9507705Q,Courtney,Serrato,FALSE
S8521956A,Kristine,Flaherty,FALSE
S5200307E,Travis,Sharma,FALSE
G6157556T,Consuelo,Bayer,FALSE
S7689550C,Leonardo,Jarvie,FALSE
G8506253R,Refugio,Savage,FALSE
S2701098I,Toby,Allison,FALSE
S5129681H,Yolanda,Parsons,FALSE
G1513637K,Nenita,Trier,FALSE
F7496394M,Kenny,Pippins,FALSE
F4356013K,Monique,Bethea,FALSE
G1648606Q,Alfonso,Christensen,FALSE
S1450827I,Oliver,Thomson,FALSE
S1274478A,Inga,Fix,FALSE
F8063368T,Darrin,Tedesco,FALSE
F3290604N,Jeanie,Winkler,FALSE
G3101810U,Doug,Schlaefli,FALSE
S1090203G,Oralia,Frazer,FALSE
T2281346Z,Clay,Albertson,FALSE
S9275892C,Myrtle,Barnard,FALSE
G5918668Q,Asia,Corn,FALSE
G6377319R,Candace,Julian,FALSE
T2058947C,Sidney,Petrowski,FALSE
F4809962U,Hoa,Elrod,FALSE
T0825108D,Ha,Mccrudden,FALSE
S1111723F,Nathanial,Bowden,FALSE
T5206395C,Marget,Sappington,FALSE
T2910021C,Brad,Cortez,FALSE
F7203776Q,Imogene,Cage,FALSE
S0854566I,Seth,Worley,FALSE
F4070411Q,Ivette,Briley,FALSE
T2864628Z,Tosha,Barber,FALSE
T4714610G,Chelsie,Furniss,FALSE
F1845285P,Jerome,Rulli,FALSE
S0202470E,Pauline,Levy,FALSE
F2434584W,Susie,Pigg,FALSE
G4130478U,Thalia,Gett,FALSE
T9223851I,Garret,Dugas,FALSE
S9639334B,Jody,Cregan,FALSE
G6569655Q,Deloris,Eddins,FALSE
S8304842E,Warren,Otero,FALSE
S0760881J,Laverna,Hamilton,FALSE
F9527827L,Minnie,Andrzejewski,FALSE
T3620660D,Tamara,Pimenta,FALSE
S5286327I,Mindy,Bonner,FALSE
S1919652F,Margo,Dutcher,FALSE
T7356494D,Willard,Driscoll,FALSE
S2125236J,Shane,Vala,FALSE
G9612253K,Salvatore,Walthall,FALSE
G3112053K,Avis,Newcomb,FALSE
T6650437E,Tobias,Newlan,FALSE
S7607787H,Malinda,Rosier,FALSE
F8203114Q,Rae,Cannon,FALSE
T3761030A,Vernita,Courtney,FALSE
G0010381R,Reuben,Tello,FALSE
T5315103A,Lisbeth,Henderson,FALSE
T9079977G,Hui,Cauley,FALSE
S7012518H,Doyle,Tovar,FALSE
F6847690U,Jackie,Yang,FALSE
G6501102L,Kristi,Lawrence,FALSE
S1047720D,Hilma,Summers,FALSE
G3804292R,Alicia,Breen,FALSE
T5915467I,Nickolas,Medina,FALSE
F2469290Q,Tomas,Muffley,FALSE
S7929339C,Hassie,Payton,FALSE
F6396844R,Christy,Mondor,FALSE
F0105826Q,Claude,Eddy,FALSE
F0527042K,Rochelle,Stepro,FALSE
T5358886C,Kristian,Casey,FALSE
S2221826C,Andres,Toothman,FALSE
G4038778T,Lynette,Bell,FALSE
S3078175I,Grant,Lindsley,FALSE
F8936846N,Bette,Nesbit,FALSE
T2229524H,Darryl,Whitehead,FALSE
G6656713W,Karl,Devito,FALSE
S6410721F,Javier,Lea,FALSE
G3238556M,Eileen,Dunfee,FALSE
G8568324T,Dwayne,Snodgrass,FALSE
G0089652M,Pam,Kurtz,FALSE
S2346695C,Demetrice,Dobson,FALSE
S4959978A,Jeanna,Bounds,FALSE
S6242544Z,Millie,Phelps,FALSE
G2287892T,Lanny,Reza,FALSE
S7327791D,Allison,Brody,FALSE
S3497014I,Bianca,Hurtubise,FALSE
G6968299K,Odell,Delatorre,FALSE
G8571876U,Jeffry,Barajas,FALSE
S5884809C,Jonna,Cochran,FALSE
F4901805M,Pearl,Malandruccolo,FALSE
T7298278E,Sandy,Bradley,FALSE
G5296717T,Morris,Pugh,FALSE
G9655716M,Isaura,Palumbo,FALSE
G6487373W,Hans,Riche,FALSE
S1183069B,Olga,Emmons,FALSE
T5121265C,Octavio,Rathburn,FALSE
T9268762C,Diann,Warren,FALSE
S3877624Z,Kate,Tyndall,FALSE
G5593731T,Iva,Kinder,FALSE
F5608082K,Chris,Meyer,FALSE
S8489749C,Geraldine,Briscoe,FALSE
S8151669C,Tifany,Yedinak,FALSE
F0986649M,Felicita,Weber,FALSE
G4562021U,Nilda,Hixson,FALSE
S9925724E,Charlotte,Mcdonald,FALSE
S9218223A,Christian,Kepley,FALSE
S6455121C,Amelia,Sperrey,FALSE
G0320471K,Otis,Merriam,FALSE
G6034398K,Angel,Bernal,FALSE
S3100083A,Reba,Swafford,FALSE
T3468664A,Therese,Milburn,FALSE
G3458731R,Jeana,Carey,FALSE
T7134378I,Viki,Falcone,FALSE
F6563339Q,Noma,Querta,FALSE
T0697049J,Arturo,Jacobs,FALSE
T1660320H,Armand,Brackett,FALSE
S6917337C,Sonny,Chandler,FALSE
S8376398A,Gerry,Allaire,FALSE
F7375418Q,Justine,Lundholm,FALSE
F8445534L,Lavada,Respess,FALSE
S8538166J,Muriel,Dion,FALSE
G7389364Q,Arleen,Guitterez,FALSE
T2716406J,Emanuel,Gerhardt,FALSE
F1499985W,Vicki,Kohnen,FALSE
F9460513W,Ruben,Herrera,FALSE
T8234828F,Titus,Brunelle,FALSE
S2133630J,Mardell,Weed,FALSE
G8610597M,Joel,Burks,FALSE
G0912955W,Marc,Brafman,FALSE
S1765888C,Dolores,Abron,FALSE
S7783807D,Dominique,Hanna,FALSE
G9317391R,Mack,Savoie,FALSE
T2487689B,Ma,Ortiz,FALSE
T7035240G,Lacey,Burtt,FALSE
G7106743U,Delora,Baoloy,FALSE
T3158436H,Aimee,Botsford,FALSE
F6492423X,Nina,Staggs,FALSE
S7622002F,Cordell,Paris,FALSE
S7315542H,Linnie,Miske,FALSE
F1264927N,Jayne,Pittman,FALSE
G4568584K,Mae,Liu,FALSE
G3383481R,Margery,Corson,FALSE
G5176232R,Cher,Estrada,FALSE
S9414953C,Corrine,Burgess,FALSE
S3461996D,Hugh,Paredez,FALSE
G6705261M,Alecia,Villanueva,FALSE
S7957875D,Nelda,Bierman,FALSE
F8436299U,Nathanael,Beaver,FALSE
T4373459D,Karla,Arnold,FALSE
F1244341L,Phebe,Francois,FALSE
F8268081X,Benjamin,Bryant,FALSE
S4788513B,Alissa,Palmiter,FALSE
F5767386U,Hong,Stahl,FALSE
F4943809P,Diana,Blackman,FALSE
F2459614K,Dorothea,Robertson,FALSE
F9145991N,Rick,Valentine,FALSE
G7610292P,Rosalba,Cribbs,FALSE
T5282802Z,Shelby,Windom,FALSE
T0885970H,Krista,Bekis,FALSE
G2095880X,Erwin,Fraley,FALSE
T1580929E,Lidia,Bolyard,FALSE
F5504837K,Laci,Mcdermott,FALSE
S8253185H,Erik,Cohen,FALSE
F2858177R,Corina,Pickering,FALSE
G4728349W,Curt,Shah,FALSE
S2898105H,Edison,Hurst,FALSE
G2897256W,Kristy,Mcclintock,FALSE
F9486928P,Lora,Burney,FALSE
F4219338X,Liz,Ladd,FALSE
F4292165M,Jeanne,Howell,FALSE
F8944008N,Al,Ball,FALSE
F1410689T,Lila,Kramer,FALSE
G8967973M,Quinn,Grindle,FALSE
F3064872L,Alma,Rasco,FALSE
G1172124P,Summer,Blind,FALSE
F0643114M,Willis,Archer,FALSE
S2440698I,Tanisha,Wiley,FALSE
S8074240A,Jaymie,Erickson,FALSE
S4604926H,Virgil,Mckee,FALSE
G4760553P,Agatha,Turcotte,FALSE
T3113634I,Karyn,Braun,FALSE